,"
DAILY SCHEDULE",,,,,,,
,"Week of:
",September 5,,Set the starting date in cell C2. Rows 3 and 4 will automatically update with the correct dates and days of the week.,,,,
,,9/5,9/6,9/7,9/8,9/9,9/10,9/11
,,MONDAY,TUESDAY,WEDNESDAY,THURSDAY,FRIDAY,SATURDAY,SUNDAY
,8:00 am ,,,,,,,
,8:30 am ,,,,,,,
,9:00 am ,,,,,,,
,9:30 am ,,,,,,,
,10:00 am ,,,,,,,
,10:30 am ,,,,,,,
,11:00 am ,,,,,,,
,11:30 am ,,,,,,,
,12:00 pm ,,,,,,,
,12:30 pm ,,,,,,,
,1:00 pm ,,,,,,,
,1:30 pm ,,,,,,,
,2:00 pm ,,,,,,,
,2:30 pm ,,,,,,,
,3:00 pm ,,,,,,,
,3:30 pm ,,,,,,,
,4:00 pm ,,,,,,,
,4:30 pm ,,,,,,,
,5:00 pm ,,,,,,,
,5:30 pm ,,,,,,,
,6:00 pm ,,,,,,,
,6:30 pm ,,,,,,,
,,,,,,,,,
,NOTES,,,,,TO DO,,
,,,,,,,,,
,,,,,,,,,
,,,,,,,,,
,,,,,,,,,
,,,,,,,,,
,,,,,,,,,
,,,,,,,,,
